,Tm,W,L,W-L%,Pts,PtsO,PtDif,MoV,Year,T
0,Buffalo Bills*,13,3,0.813,428,263,165,10.3,1990,
1,Miami Dolphins+,12,4,0.75,336,242,94,5.9,1990,
2,Indianapolis Colts,7,9,0.438,281,353,-72,-4.5,1990,
3,New York Jets,6,10,0.375,295,345,-50,-3.1,1990,
4,New England Patriots,1,15,0.063,181,446,-265,-16.6,1990,
5,Cincinnati Bengals*,9,7,0.563,360,352,8,0.5,1990,
6,Houston Oilers+,9,7,0.563,405,307,98,6.1,1990,
7,Pittsburgh Steelers,9,7,0.563,292,240,52,3.3,1990,
8,Cleveland Browns,3,13,0.188,228,462,-234,-14.6,1990,
9,Los Angeles Raiders*,12,4,0.75,337,268,69,4.3,1990,
10,Kansas City Chiefs+,11,5,0.688,369,257,112,7.0,1990,
11,Seattle Seahawks,9,7,0.563,306,286,20,1.3,1990,
12,San Diego Chargers,6,10,0.375,315,281,34,2.1,1990,
13,Denver Broncos,5,11,0.313,331,374,-43,-2.7,1990,
0,New York Giants*,13,3,0.813,335,211,124,7.8,1990,
1,Philadelphia Eagles+,10,6,0.625,396,299,97,6.1,1990,
2,Washington Redskins+,10,6,0.625,381,301,80,5.0,1990,
3,Dallas Cowboys,7,9,0.438,244,308,-64,-4.0,1990,
4,Phoenix Cardinals,5,11,0.313,268,396,-128,-8.0,1990,
5,Chicago Bears*,11,5,0.688,348,280,68,4.3,1990,
6,Tampa Bay Buccaneers,6,10,0.375,264,367,-103,-6.4,1990,
7,Detroit Lions,6,10,0.375,373,413,-40,-2.5,1990,
8,Green Bay Packers,6,10,0.375,271,347,-76,-4.8,1990,
9,Minnesota Vikings,6,10,0.375,351,326,25,1.6,1990,
10,San Francisco 49ers*,14,2,0.875,353,239,114,7.1,1990,
11,New Orleans Saints+,8,8,0.5,274,275,-1,-0.1,1990,
12,Los Angeles Rams,5,11,0.313,345,412,-67,-4.2,1990,
13,Atlanta Falcons,5,11,0.313,348,365,-17,-1.1,1990,
0,Buffalo Bills*,13,3,0.813,458,318,140,8.8,1991,
1,New York Jets+,8,8,0.5,314,293,21,1.3,1991,
2,Miami Dolphins,8,8,0.5,343,349,-6,-0.4,1991,
3,New England Patriots,6,10,0.375,211,305,-94,-5.9,1991,
4,Indianapolis Colts,1,15,0.063,143,381,-238,-14.9,1991,
5,Houston Oilers*,11,5,0.688,386,251,135,8.4,1991,
6,Pittsburgh Steelers,7,9,0.438,292,344,-52,-3.3,1991,
7,Cleveland Browns,6,10,0.375,293,298,-5,-0.3,1991,
8,Cincinnati Bengals,3,13,0.188,263,435,-172,-10.8,1991,
9,Denver Broncos*,12,4,0.75,304,235,69,4.3,1991,
10,Kansas City Chiefs+,10,6,0.625,322,252,70,4.4,1991,
11,Los Angeles Raiders+,9,7,0.563,298,297,1,0.1,1991,
12,Seattle Seahawks,7,9,0.438,276,261,15,0.9,1991,
13,San Diego Chargers,4,12,0.25,274,342,-68,-4.3,1991,
0,Washington Redskins*,14,2,0.875,485,224,261,16.3,1991,
1,Dallas Cowboys+,11,5,0.688,342,310,32,2.0,1991,
2,Philadelphia Eagles,10,6,0.625,285,244,41,2.6,1991,
3,New York Giants,8,8,0.5,281,297,-16,-1.0,1991,
4,Phoenix Cardinals,4,12,0.25,196,344,-148,-9.3,1991,
5,Detroit Lions*,12,4,0.75,339,295,44,2.8,1991,
6,Chicago Bears+,11,5,0.688,299,269,30,1.9,1991,
7,Minnesota Vikings,8,8,0.5,301,306,-5,-0.3,1991,
8,Green Bay Packers,4,12,0.25,273,313,-40,-2.5,1991,
9,Tampa Bay Buccaneers,3,13,0.188,199,365,-166,-10.4,1991,
10,New Orleans Saints*,11,5,0.688,341,211,130,8.1,1991,
11,Atlanta Falcons+,10,6,0.625,361,338,23,1.4,1991,
12,San Francisco 49ers,10,6,0.625,393,239,154,9.6,1991,
13,Los Angeles Rams,3,13,0.188,234,390,-156,-9.8,1991,
0,Miami Dolphins*,11,5,0.688,340,281,59,3.7,1992,
1,Buffalo Bills+,11,5,0.688,381,283,98,6.1,1992,
2,Indianapolis Colts,9,7,0.563,216,302,-86,-5.4,1992,
3,New York Jets,4,12,0.25,220,315,-95,-5.9,1992,
4,New England Patriots,2,14,0.125,205,363,-158,-9.9,1992,
5,Pittsburgh Steelers*,11,5,0.688,299,225,74,4.6,1992,
6,Houston Oilers+,10,6,0.625,352,258,94,5.9,1992,
7,Cleveland Browns,7,9,0.438,272,275,-3,-0.2,1992,
8,Cincinnati Bengals,5,11,0.313,274,364,-90,-5.6,1992,
9,San Diego Chargers*,11,5,0.688,335,241,94,5.9,1992,
10,Kansas City Chiefs+,10,6,0.625,348,282,66,4.1,1992,
11,Denver Broncos,8,8,0.5,262,329,-67,-4.2,1992,
12,Los Angeles Raiders,7,9,0.438,249,281,-32,-2.0,1992,
13,Seattle Seahawks,2,14,0.125,140,312,-172,-10.8,1992,
0,Dallas Cowboys*,13,3,0.813,409,243,166,10.4,1992,
1,Philadelphia Eagles+,11,5,0.688,354,245,109,6.8,1992,
2,Washington Redskins+,9,7,0.563,300,255,45,2.8,1992,
3,New York Giants,6,10,0.375,306,367,-61,-3.8,1992,
4,Phoenix Cardinals,4,12,0.25,243,332,-89,-5.6,1992,
5,Minnesota Vikings*,11,5,0.688,374,249,125,7.8,1992,
6,Green Bay Packers,9,7,0.563,276,296,-20,-1.3,1992,
7,Tampa Bay Buccaneers,5,11,0.313,267,365,-98,-6.1,1992,
8,Chicago Bears,5,11,0.313,295,361,-66,-4.1,1992,
9,Detroit Lions,5,11,0.313,273,332,-59,-3.7,1992,
10,San Francisco 49ers*,14,2,0.875,431,236,195,12.2,1992,
11,New Orleans Saints+,12,4,0.75,330,202,128,8.0,1992,
12,Atlanta Falcons,6,10,0.375,327,414,-87,-5.4,1992,
13,Los Angeles Rams,6,10,0.375,313,383,-70,-4.4,1992,
0,Buffalo Bills*,12,4,0.75,329,242,87,5.4,1993,
1,Miami Dolphins,9,7,0.563,349,351,-2,-0.1,1993,
2,New York Jets,8,8,0.5,270,247,23,1.4,1993,
3,New England Patriots,5,11,0.313,238,286,-48,-3.0,1993,
4,Indianapolis Colts,4,12,0.25,189,378,-189,-11.8,1993,
5,Houston Oilers*,12,4,0.75,368,238,130,8.1,1993,
6,Pittsburgh Steelers+,9,7,0.563,308,281,27,1.7,1993,
7,Cleveland Browns,7,9,0.438,304,307,-3,-0.2,1993,
8,Cincinnati Bengals,3,13,0.188,187,319,-132,-8.3,1993,
9,Kansas City Chiefs*,11,5,0.688,328,291,37,2.3,1993,
10,Los Angeles Raiders+,10,6,0.625,306,326,-20,-1.3,1993,
11,Denver Broncos+,9,7,0.563,373,284,89,5.6,1993,
12,San Diego Chargers,8,8,0.5,322,290,32,2.0,1993,
13,Seattle Seahawks,6,10,0.375,280,314,-34,-2.1,1993,
0,Dallas Cowboys*,12,4,0.75,376,229,147,9.2,1993,
1,New York Giants+,11,5,0.688,288,205,83,5.2,1993,
2,Philadelphia Eagles,8,8,0.5,293,315,-22,-1.4,1993,
3,Phoenix Cardinals,7,9,0.438,326,269,57,3.6,1993,
4,Washington Redskins,4,12,0.25,230,345,-115,-7.2,1993,
5,Detroit Lions*,10,6,0.625,298,292,6,0.4,1993,
6,Minnesota Vikings+,9,7,0.563,277,290,-13,-0.8,1993,
7,Green Bay Packers+,9,7,0.563,340,282,58,3.6,1993,
8,Chicago Bears,7,9,0.438,234,230,4,0.3,1993,
9,Tampa Bay Buccaneers,5,11,0.313,237,376,-139,-8.7,1993,
10,San Francisco 49ers*,10,6,0.625,473,295,178,11.1,1993,
11,New Orleans Saints,8,8,0.5,317,343,-26,-1.6,1993,
12,Atlanta Falcons,6,10,0.375,316,385,-69,-4.3,1993,
13,Los Angeles Rams,5,11,0.313,221,367,-146,-9.1,1993,
0,Miami Dolphins*,10,6,0.625,389,327,62,3.9,1994,
1,New England Patriots+,10,6,0.625,351,312,39,2.4,1994,
2,Indianapolis Colts,8,8,0.5,307,320,-13,-0.8,1994,
3,Buffalo Bills,7,9,0.438,340,356,-16,-1.0,1994,
4,New York Jets,6,10,0.375,264,320,-56,-3.5,1994,
5,Pittsburgh Steelers*,12,4,0.75,316,234,82,5.1,1994,
6,Cleveland Browns+,11,5,0.688,340,204,136,8.5,1994,
7,Cincinnati Bengals,3,13,0.188,276,406,-130,-8.1,1994,
8,Houston Oilers,2,14,0.125,226,352,-126,-7.9,1994,
9,San Diego Chargers*,11,5,0.688,381,306,75,4.7,1994,
10,Kansas City Chiefs+,9,7,0.563,319,298,21,1.3,1994,
11,Los Angeles Raiders,9,7,0.563,303,327,-24,-1.5,1994,
12,Denver Broncos,7,9,0.438,347,396,-49,-3.1,1994,
13,Seattle Seahawks,6,10,0.375,287,323,-36,-2.3,1994,
0,Dallas Cowboys*,12,4,0.75,414,248,166,10.4,1994,
1,New York Giants,9,7,0.563,279,305,-26,-1.6,1994,
2,Arizona Cardinals,8,8,0.5,235,267,-32,-2.0,1994,
3,Philadelphia Eagles,7,9,0.438,308,308,0,0.0,1994,
4,Washington Redskins,3,13,0.188,320,412,-92,-5.8,1994,
5,Minnesota Vikings*,10,6,0.625,356,314,42,2.6,1994,
6,Green Bay Packers+,9,7,0.563,382,287,95,5.9,1994,
7,Detroit Lions+,9,7,0.563,357,342,15,0.9,1994,
8,Chicago Bears+,9,7,0.563,271,307,-36,-2.3,1994,
9,Tampa Bay Buccaneers,6,10,0.375,251,351,-100,-6.3,1994,
10,San Francisco 49ers*,13,3,0.813,505,296,209,13.1,1994,
11,New Orleans Saints,7,9,0.438,348,407,-59,-3.7,1994,
12,Atlanta Falcons,7,9,0.438,317,385,-68,-4.3,1994,
13,Los Angeles Rams,4,12,0.25,286,365,-79,-4.9,1994,
0,Buffalo Bills*,10,6,0.625,350,335,15,0.9,1995,
1,Indianapolis Colts+,9,7,0.563,331,316,15,0.9,1995,
2,Miami Dolphins+,9,7,0.563,398,332,66,4.1,1995,
3,New England Patriots,6,10,0.375,294,377,-83,-5.2,1995,
4,New York Jets,3,13,0.188,233,384,-151,-9.4,1995,
5,Pittsburgh Steelers*,11,5,0.688,407,327,80,5.0,1995,
6,Houston Oilers,7,9,0.438,348,324,24,1.5,1995,
7,Cincinnati Bengals,7,9,0.438,349,374,-25,-1.6,1995,
8,Cleveland Browns,5,11,0.313,289,356,-67,-4.2,1995,
9,Jacksonville Jaguars,4,12,0.25,275,404,-129,-8.1,1995,
10,Kansas City Chiefs*,13,3,0.813,358,241,117,7.3,1995,
11,San Diego Chargers+,9,7,0.563,321,323,-2,-0.1,1995,
12,Seattle Seahawks,8,8,0.5,363,366,-3,-0.2,1995,
13,Denver Broncos,8,8,0.5,388,345,43,2.7,1995,
14,Oakland Raiders,8,8,0.5,348,332,16,1.0,1995,
0,Dallas Cowboys*,12,4,0.75,435,291,144,9.0,1995,
1,Philadelphia Eagles+,10,6,0.625,318,338,-20,-1.3,1995,
2,Washington Redskins,6,10,0.375,326,359,-33,-2.1,1995,
3,New York Giants,5,11,0.313,290,340,-50,-3.1,1995,
4,Arizona Cardinals,4,12,0.25,275,422,-147,-9.2,1995,
5,Green Bay Packers*,11,5,0.688,404,314,90,5.6,1995,
6,Detroit Lions+,10,6,0.625,436,336,100,6.3,1995,
7,Chicago Bears,9,7,0.563,392,360,32,2.0,1995,
8,Minnesota Vikings,8,8,0.5,412,385,27,1.7,1995,
9,Tampa Bay Buccaneers,7,9,0.438,238,335,-97,-6.1,1995,
10,San Francisco 49ers*,11,5,0.688,457,258,199,12.4,1995,
11,Atlanta Falcons+,9,7,0.563,362,349,13,0.8,1995,
12,St. Louis Rams,7,9,0.438,309,418,-109,-6.8,1995,
13,Carolina Panthers,7,9,0.438,289,325,-36,-2.3,1995,
14,New Orleans Saints,7,9,0.438,319,348,-29,-1.8,1995,
0,New England Patriots*,11,5,0.688,418,313,105,6.6,1996,
1,Buffalo Bills+,10,6,0.625,319,266,53,3.3,1996,
2,Indianapolis Colts+,9,7,0.563,317,334,-17,-1.1,1996,
3,Miami Dolphins,8,8,0.5,339,325,14,0.9,1996,
4,New York Jets,1,15,0.063,279,454,-175,-10.9,1996,
5,Pittsburgh Steelers*,10,6,0.625,344,257,87,5.4,1996,
6,Jacksonville Jaguars+,9,7,0.563,325,335,-10,-0.6,1996,
7,Cincinnati Bengals,8,8,0.5,372,369,3,0.2,1996,
8,Houston Oilers,8,8,0.5,345,319,26,1.6,1996,
9,Baltimore Ravens,4,12,0.25,371,441,-70,-4.4,1996,
10,Denver Broncos*,13,3,0.813,391,275,116,7.3,1996,
11,Kansas City Chiefs,9,7,0.563,297,300,-3,-0.2,1996,
12,San Diego Chargers,8,8,0.5,310,376,-66,-4.1,1996,
13,Oakland Raiders,7,9,0.438,340,293,47,2.9,1996,
14,Seattle Seahawks,7,9,0.438,317,376,-59,-3.7,1996,
0,Dallas Cowboys*,10,6,0.625,286,250,36,2.3,1996,
1,Philadelphia Eagles+,10,6,0.625,363,341,22,1.4,1996,
2,Washington Redskins,9,7,0.563,364,312,52,3.3,1996,
3,Arizona Cardinals,7,9,0.438,300,397,-97,-6.1,1996,
4,New York Giants,6,10,0.375,242,297,-55,-3.4,1996,
5,Green Bay Packers*,13,3,0.813,456,210,246,15.4,1996,
6,Minnesota Vikings+,9,7,0.563,298,315,-17,-1.1,1996,
7,Chicago Bears,7,9,0.438,283,305,-22,-1.4,1996,
8,Tampa Bay Buccaneers,6,10,0.375,221,293,-72,-4.5,1996,
9,Detroit Lions,5,11,0.313,302,368,-66,-4.1,1996,
10,Carolina Panthers*,12,4,0.75,367,218,149,9.3,1996,
11,San Francisco 49ers+,12,4,0.75,398,257,141,8.8,1996,
12,St. Louis Rams,6,10,0.375,303,409,-106,-6.6,1996,
13,Atlanta Falcons,3,13,0.188,309,461,-152,-9.5,1996,
14,New Orleans Saints,3,13,0.188,229,339,-110,-6.9,1996,
0,New England Patriots*,10,6,0.625,369,289,80,5.0,1997,0.0
1,Miami Dolphins+,9,7,0.563,339,327,12,0.8,1997,0.0
2,New York Jets,9,7,0.563,348,287,61,3.8,1997,0.0
3,Buffalo Bills,6,10,0.375,255,367,-112,-7.0,1997,0.0
4,Indianapolis Colts,3,13,0.188,313,401,-88,-5.5,1997,0.0
5,Pittsburgh Steelers*,11,5,0.688,372,307,65,4.1,1997,0.0
6,Jacksonville Jaguars+,11,5,0.688,394,318,76,4.8,1997,0.0
7,Tennessee Oilers,8,8,0.5,333,310,23,1.4,1997,0.0
8,Cincinnati Bengals,7,9,0.438,355,405,-50,-3.1,1997,0.0
9,Baltimore Ravens,6,9,0.406,326,345,-19,-1.2,1997,1.0
10,Kansas City Chiefs*,13,3,0.813,375,232,143,8.9,1997,0.0
11,Denver Broncos+,12,4,0.75,472,287,185,11.6,1997,0.0
12,Seattle Seahawks,8,8,0.5,365,362,3,0.2,1997,0.0
13,Oakland Raiders,4,12,0.25,324,419,-95,-5.9,1997,0.0
14,San Diego Chargers,4,12,0.25,266,425,-159,-9.9,1997,0.0
0,New York Giants*,10,5,0.656,307,265,42,2.6,1997,1.0
1,Washington Redskins,8,7,0.531,327,289,38,2.4,1997,1.0
2,Philadelphia Eagles,6,9,0.406,317,372,-55,-3.4,1997,1.0
3,Dallas Cowboys,6,10,0.375,304,314,-10,-0.6,1997,0.0
4,Arizona Cardinals,4,12,0.25,283,379,-96,-6.0,1997,0.0
5,Green Bay Packers*,13,3,0.813,422,282,140,8.8,1997,0.0
6,Tampa Bay Buccaneers+,10,6,0.625,299,263,36,2.3,1997,0.0
7,Detroit Lions+,9,7,0.563,379,306,73,4.6,1997,0.0
8,Minnesota Vikings+,9,7,0.563,354,359,-5,-0.3,1997,0.0
9,Chicago Bears,4,12,0.25,263,421,-158,-9.9,1997,0.0
10,San Francisco 49ers*,13,3,0.813,375,265,110,6.9,1997,0.0
11,Carolina Panthers,7,9,0.438,265,314,-49,-3.1,1997,0.0
12,Atlanta Falcons,7,9,0.438,320,361,-41,-2.6,1997,0.0
13,New Orleans Saints,6,10,0.375,237,327,-90,-5.6,1997,0.0
14,St. Louis Rams,5,11,0.313,299,359,-60,-3.8,1997,0.0
0,New York Jets*,12,4,0.75,416,266,150,9.4,1998,
1,Miami Dolphins+,10,6,0.625,321,265,56,3.5,1998,
2,Buffalo Bills+,10,6,0.625,400,333,67,4.2,1998,
3,New England Patriots+,9,7,0.563,337,329,8,0.5,1998,
4,Indianapolis Colts,3,13,0.188,310,444,-134,-8.4,1998,
5,Jacksonville Jaguars*,11,5,0.688,392,338,54,3.4,1998,
6,Tennessee Oilers,8,8,0.5,330,320,10,0.6,1998,
7,Pittsburgh Steelers,7,9,0.438,263,303,-40,-2.5,1998,
8,Baltimore Ravens,6,10,0.375,269,335,-66,-4.1,1998,
9,Cincinnati Bengals,3,13,0.188,268,452,-184,-11.5,1998,
10,Denver Broncos*,14,2,0.875,501,309,192,12.0,1998,
11,Oakland Raiders,8,8,0.5,288,356,-68,-4.3,1998,
12,Seattle Seahawks,8,8,0.5,372,310,62,3.9,1998,
13,Kansas City Chiefs,7,9,0.438,327,363,-36,-2.3,1998,
14,San Diego Chargers,5,11,0.313,241,342,-101,-6.3,1998,
0,Dallas Cowboys*,10,6,0.625,381,275,106,6.6,1998,
1,Arizona Cardinals+,9,7,0.563,325,378,-53,-3.3,1998,
2,New York Giants,8,8,0.5,287,309,-22,-1.4,1998,
3,Washington Redskins,6,10,0.375,319,421,-102,-6.4,1998,
4,Philadelphia Eagles,3,13,0.188,161,344,-183,-11.4,1998,
5,Minnesota Vikings*,15,1,0.938,556,296,260,16.3,1998,
6,Green Bay Packers+,11,5,0.688,408,319,89,5.6,1998,
7,Tampa Bay Buccaneers,8,8,0.5,314,295,19,1.2,1998,
8,Detroit Lions,5,11,0.313,306,378,-72,-4.5,1998,
9,Chicago Bears,4,12,0.25,276,368,-92,-5.8,1998,
10,Atlanta Falcons*,14,2,0.875,442,289,153,9.6,1998,
11,San Francisco 49ers+,12,4,0.75,479,328,151,9.4,1998,
12,New Orleans Saints,6,10,0.375,305,359,-54,-3.4,1998,
13,Carolina Panthers,4,12,0.25,336,413,-77,-4.8,1998,
14,St. Louis Rams,4,12,0.25,285,378,-93,-5.8,1998,
0,Indianapolis Colts*,13,3,0.813,423,333,90,5.6,1999,
1,Buffalo Bills+,11,5,0.688,320,229,91,5.7,1999,
2,Miami Dolphins+,9,7,0.563,326,336,-10,-0.6,1999,
3,New York Jets,8,8,0.5,308,309,-1,-0.1,1999,
4,New England Patriots,8,8,0.5,299,284,15,0.9,1999,
5,Jacksonville Jaguars*,14,2,0.875,396,217,179,11.2,1999,
6,Tennessee Titans+,13,3,0.813,392,324,68,4.3,1999,
7,Baltimore Ravens,8,8,0.5,324,277,47,2.9,1999,
8,Pittsburgh Steelers,6,10,0.375,317,320,-3,-0.2,1999,
9,Cincinnati Bengals,4,12,0.25,283,460,-177,-11.1,1999,
10,Cleveland Browns,2,14,0.125,217,437,-220,-13.8,1999,
11,Seattle Seahawks*,9,7,0.563,338,298,40,2.5,1999,
12,Kansas City Chiefs,9,7,0.563,390,322,68,4.3,1999,
13,San Diego Chargers,8,8,0.5,269,316,-47,-2.9,1999,
14,Oakland Raiders,8,8,0.5,390,329,61,3.8,1999,
15,Denver Broncos,6,10,0.375,314,318,-4,-0.3,1999,
0,Washington Redskins*,10,6,0.625,443,377,66,4.1,1999,
1,Dallas Cowboys+,8,8,0.5,352,276,76,4.8,1999,
2,New York Giants,7,9,0.438,299,358,-59,-3.7,1999,
3,Arizona Cardinals,6,10,0.375,245,382,-137,-8.6,1999,
4,Philadelphia Eagles,5,11,0.313,272,357,-85,-5.3,1999,
5,Tampa Bay Buccaneers*,11,5,0.688,270,235,35,2.2,1999,
6,Minnesota Vikings+,10,6,0.625,399,335,64,4.0,1999,
7,Detroit Lions+,8,8,0.5,322,323,-1,-0.1,1999,
8,Green Bay Packers,8,8,0.5,357,341,16,1.0,1999,
9,Chicago Bears,6,10,0.375,272,341,-69,-4.3,1999,
10,St. Louis Rams*,13,3,0.813,526,242,284,17.8,1999,
11,Carolina Panthers,8,8,0.5,421,381,40,2.5,1999,
12,Atlanta Falcons,5,11,0.313,285,380,-95,-5.9,1999,
13,San Francisco 49ers,4,12,0.25,295,453,-158,-9.9,1999,
14,New Orleans Saints,3,13,0.188,260,434,-174,-10.9,1999,
0,Miami Dolphins*,11,5,0.688,323,226,97,6.1,2000,
1,Indianapolis Colts+,10,6,0.625,429,326,103,6.4,2000,
2,New York Jets,9,7,0.563,321,321,0,0.0,2000,
3,Buffalo Bills,8,8,0.5,315,350,-35,-2.2,2000,
4,New England Patriots,5,11,0.313,276,338,-62,-3.9,2000,
5,Tennessee Titans*,13,3,0.813,346,191,155,9.7,2000,
6,Baltimore Ravens+,12,4,0.75,333,165,168,10.5,2000,
7,Pittsburgh Steelers,9,7,0.563,321,255,66,4.1,2000,
8,Jacksonville Jaguars,7,9,0.438,367,327,40,2.5,2000,
9,Cincinnati Bengals,4,12,0.25,185,359,-174,-10.9,2000,
10,Cleveland Browns,3,13,0.188,161,419,-258,-16.1,2000,
11,Oakland Raiders*,12,4,0.75,479,299,180,11.3,2000,
12,Denver Broncos+,11,5,0.688,485,369,116,7.3,2000,
13,Kansas City Chiefs,7,9,0.438,355,354,1,0.1,2000,
14,Seattle Seahawks,6,10,0.375,320,405,-85,-5.3,2000,
15,San Diego Chargers,1,15,0.063,269,440,-171,-10.7,2000,
0,New York Giants*,12,4,0.75,328,246,82,5.1,2000,
1,Philadelphia Eagles+,11,5,0.688,351,245,106,6.6,2000,
2,Washington Redskins,8,8,0.5,281,269,12,0.8,2000,
3,Dallas Cowboys,5,11,0.313,294,361,-67,-4.2,2000,
4,Arizona Cardinals,3,13,0.188,210,443,-233,-14.6,2000,
5,Minnesota Vikings*,11,5,0.688,397,371,26,1.6,2000,
6,Tampa Bay Buccaneers+,10,6,0.625,388,269,119,7.4,2000,
7,Green Bay Packers,9,7,0.563,353,323,30,1.9,2000,
8,Detroit Lions,9,7,0.563,307,307,0,0.0,2000,
9,Chicago Bears,5,11,0.313,216,355,-139,-8.7,2000,
10,New Orleans Saints*,10,6,0.625,354,305,49,3.1,2000,
11,St. Louis Rams+,10,6,0.625,540,471,69,4.3,2000,
12,Carolina Panthers,7,9,0.438,310,310,0,0.0,2000,
13,San Francisco 49ers,6,10,0.375,388,422,-34,-2.1,2000,
14,Atlanta Falcons,4,12,0.25,252,413,-161,-10.1,2000,
0,New England Patriots*,11,5,0.688,371,272,99,6.2,2001,
1,Miami Dolphins+,11,5,0.688,344,290,54,3.4,2001,
2,New York Jets+,10,6,0.625,308,295,13,0.8,2001,
3,Indianapolis Colts,6,10,0.375,413,486,-73,-4.6,2001,
4,Buffalo Bills,3,13,0.188,265,420,-155,-9.7,2001,
5,Pittsburgh Steelers*,13,3,0.813,352,212,140,8.8,2001,
6,Baltimore Ravens+,10,6,0.625,303,265,38,2.4,2001,
7,Cleveland Browns,7,9,0.438,285,319,-34,-2.1,2001,
8,Tennessee Titans,7,9,0.438,336,388,-52,-3.3,2001,
9,Jacksonville Jaguars,6,10,0.375,294,286,8,0.5,2001,
10,Cincinnati Bengals,6,10,0.375,226,309,-83,-5.2,2001,
11,Oakland Raiders*,10,6,0.625,399,327,72,4.5,2001,
12,Seattle Seahawks,9,7,0.563,301,324,-23,-1.4,2001,
13,Denver Broncos,8,8,0.5,340,339,1,0.1,2001,
14,Kansas City Chiefs,6,10,0.375,320,344,-24,-1.5,2001,
15,San Diego Chargers,5,11,0.313,332,321,11,0.7,2001,
0,Philadelphia Eagles*,11,5,0.688,343,208,135,8.4,2001,
1,Washington Redskins,8,8,0.5,256,303,-47,-2.9,2001,
2,New York Giants,7,9,0.438,294,321,-27,-1.7,2001,
3,Arizona Cardinals,7,9,0.438,295,343,-48,-3.0,2001,
4,Dallas Cowboys,5,11,0.313,246,338,-92,-5.8,2001,
5,Chicago Bears*,13,3,0.813,338,203,135,8.4,2001,
6,Green Bay Packers+,12,4,0.75,390,266,124,7.8,2001,
7,Tampa Bay Buccaneers+,9,7,0.563,324,280,44,2.8,2001,
8,Minnesota Vikings,5,11,0.313,290,390,-100,-6.3,2001,
9,Detroit Lions,2,14,0.125,270,424,-154,-9.6,2001,
10,St. Louis Rams*,14,2,0.875,503,273,230,14.4,2001,
11,San Francisco 49ers+,12,4,0.75,409,282,127,7.9,2001,
12,New Orleans Saints,7,9,0.438,333,409,-76,-4.8,2001,
13,Atlanta Falcons,7,9,0.438,291,377,-86,-5.4,2001,
14,Carolina Panthers,1,15,0.063,253,410,-157,-9.8,2001,
0,New York Jets*,9,7,0.563,359,336,23,1.4,2002,0.0
1,New England Patriots,9,7,0.563,381,346,35,2.2,2002,0.0
2,Miami Dolphins,9,7,0.563,378,301,77,4.8,2002,0.0
3,Buffalo Bills,8,8,0.5,379,397,-18,-1.1,2002,0.0
4,Pittsburgh Steelers*,10,5,0.656,390,345,45,2.8,2002,1.0
5,Cleveland Browns+,9,7,0.563,344,320,24,1.5,2002,0.0
6,Baltimore Ravens,7,9,0.438,316,354,-38,-2.4,2002,0.0
7,Cincinnati Bengals,2,14,0.125,279,456,-177,-11.1,2002,0.0
8,Tennessee Titans*,11,5,0.688,367,324,43,2.7,2002,0.0
9,Indianapolis Colts+,10,6,0.625,349,313,36,2.3,2002,0.0
10,Jacksonville Jaguars,6,10,0.375,328,315,13,0.8,2002,0.0
11,Houston Texans,4,12,0.25,213,356,-143,-8.9,2002,0.0
12,Oakland Raiders*,11,5,0.688,450,304,146,9.1,2002,0.0
13,Denver Broncos,9,7,0.563,392,344,48,3.0,2002,0.0
14,San Diego Chargers,8,8,0.5,333,367,-34,-2.1,2002,0.0
15,Kansas City Chiefs,8,8,0.5,467,399,68,4.3,2002,0.0
0,Philadelphia Eagles*,12,4,0.75,415,241,174,10.9,2002,0.0
1,New York Giants+,10,6,0.625,320,279,41,2.6,2002,0.0
2,Washington Redskins,7,9,0.438,307,365,-58,-3.6,2002,0.0
3,Dallas Cowboys,5,11,0.313,217,329,-112,-7.0,2002,0.0
4,Green Bay Packers*,12,4,0.75,398,328,70,4.4,2002,0.0
5,Minnesota Vikings,6,10,0.375,390,442,-52,-3.3,2002,0.0
6,Chicago Bears,4,12,0.25,281,379,-98,-6.1,2002,0.0
7,Detroit Lions,3,13,0.188,306,451,-145,-9.1,2002,0.0
8,Tampa Bay Buccaneers*,12,4,0.75,346,196,150,9.4,2002,0.0
9,Atlanta Falcons+,9,6,0.594,402,314,88,5.5,2002,1.0
10,New Orleans Saints,9,7,0.563,432,388,44,2.8,2002,0.0
11,Carolina Panthers,7,9,0.438,258,302,-44,-2.8,2002,0.0
12,San Francisco 49ers*,10,6,0.625,367,351,16,1.0,2002,0.0
13,St. Louis Rams,7,9,0.438,316,369,-53,-3.3,2002,0.0
14,Seattle Seahawks,7,9,0.438,355,369,-14,-0.9,2002,0.0
15,Arizona Cardinals,5,11,0.313,262,417,-155,-9.7,2002,0.0
0,New England Patriots*,14,2,0.875,348,238,110,6.9,2003,
1,Miami Dolphins,10,6,0.625,311,261,50,3.1,2003,
2,Buffalo Bills,6,10,0.375,243,279,-36,-2.3,2003,
3,New York Jets,6,10,0.375,283,299,-16,-1.0,2003,
4,Baltimore Ravens*,10,6,0.625,391,281,110,6.9,2003,
5,Cincinnati Bengals,8,8,0.5,346,384,-38,-2.4,2003,
6,Pittsburgh Steelers,6,10,0.375,300,327,-27,-1.7,2003,
7,Cleveland Browns,5,11,0.313,254,322,-68,-4.3,2003,
8,Indianapolis Colts*,12,4,0.75,447,336,111,6.9,2003,
9,Tennessee Titans+,12,4,0.75,435,324,111,6.9,2003,
10,Jacksonville Jaguars,5,11,0.313,276,331,-55,-3.4,2003,
11,Houston Texans,5,11,0.313,255,380,-125,-7.8,2003,
12,Kansas City Chiefs*,13,3,0.813,484,332,152,9.5,2003,
13,Denver Broncos+,10,6,0.625,381,301,80,5.0,2003,
14,Oakland Raiders,4,12,0.25,270,379,-109,-6.8,2003,
15,San Diego Chargers,4,12,0.25,313,441,-128,-8.0,2003,
0,Philadelphia Eagles*,12,4,0.75,374,287,87,5.4,2003,
1,Dallas Cowboys+,10,6,0.625,289,260,29,1.8,2003,
2,Washington Redskins,5,11,0.313,287,372,-85,-5.3,2003,
3,New York Giants,4,12,0.25,243,387,-144,-9.0,2003,
4,Green Bay Packers*,10,6,0.625,442,307,135,8.4,2003,
5,Minnesota Vikings,9,7,0.563,416,353,63,3.9,2003,
6,Chicago Bears,7,9,0.438,283,346,-63,-3.9,2003,
7,Detroit Lions,5,11,0.313,270,379,-109,-6.8,2003,
8,Carolina Panthers*,11,5,0.688,325,304,21,1.3,2003,
9,New Orleans Saints,8,8,0.5,340,326,14,0.9,2003,
10,Tampa Bay Buccaneers,7,9,0.438,301,264,37,2.3,2003,
11,Atlanta Falcons,5,11,0.313,299,422,-123,-7.7,2003,
12,St. Louis Rams*,12,4,0.75,447,328,119,7.4,2003,
13,Seattle Seahawks+,10,6,0.625,404,327,77,4.8,2003,
14,San Francisco 49ers,7,9,0.438,384,337,47,2.9,2003,
15,Arizona Cardinals,4,12,0.25,225,452,-227,-14.2,2003,
0,New England Patriots*,14,2,0.875,437,260,177,11.1,2004,
1,New York Jets+,10,6,0.625,333,261,72,4.5,2004,
2,Buffalo Bills,9,7,0.563,395,284,111,6.9,2004,
3,Miami Dolphins,4,12,0.25,275,354,-79,-4.9,2004,
4,Pittsburgh Steelers*,15,1,0.938,372,251,121,7.6,2004,
5,Baltimore Ravens,9,7,0.563,317,268,49,3.1,2004,
6,Cincinnati Bengals,8,8,0.5,374,372,2,0.1,2004,
7,Cleveland Browns,4,12,0.25,276,390,-114,-7.1,2004,
8,Indianapolis Colts*,12,4,0.75,522,351,171,10.7,2004,
9,Jacksonville Jaguars,9,7,0.563,261,280,-19,-1.2,2004,
10,Houston Texans,7,9,0.438,309,339,-30,-1.9,2004,
11,Tennessee Titans,5,11,0.313,344,439,-95,-5.9,2004,
12,San Diego Chargers*,12,4,0.75,446,313,133,8.3,2004,
13,Denver Broncos+,10,6,0.625,381,304,77,4.8,2004,
14,Kansas City Chiefs,7,9,0.438,483,435,48,3.0,2004,
15,Oakland Raiders,5,11,0.313,320,442,-122,-7.6,2004,
0,Philadelphia Eagles*,13,3,0.813,386,260,126,7.9,2004,
1,New York Giants,6,10,0.375,303,347,-44,-2.8,2004,
2,Dallas Cowboys,6,10,0.375,293,405,-112,-7.0,2004,
3,Washington Redskins,6,10,0.375,240,265,-25,-1.6,2004,
4,Green Bay Packers*,10,6,0.625,424,380,44,2.8,2004,
5,Minnesota Vikings+,8,8,0.5,405,395,10,0.6,2004,
6,Detroit Lions,6,10,0.375,296,350,-54,-3.4,2004,
7,Chicago Bears,5,11,0.313,231,331,-100,-6.3,2004,
8,Atlanta Falcons*,11,5,0.688,340,337,3,0.2,2004,
9,New Orleans Saints,8,8,0.5,348,405,-57,-3.6,2004,
10,Carolina Panthers,7,9,0.438,355,339,16,1.0,2004,
11,Tampa Bay Buccaneers,5,11,0.313,301,304,-3,-0.2,2004,
12,Seattle Seahawks*,9,7,0.563,371,373,-2,-0.1,2004,
13,St. Louis Rams+,8,8,0.5,319,392,-73,-4.6,2004,
14,Arizona Cardinals,6,10,0.375,284,322,-38,-2.4,2004,
15,San Francisco 49ers,2,14,0.125,259,452,-193,-12.1,2004,
0,New England Patriots*,10,6,0.625,379,338,41,2.6,2005,
1,Miami Dolphins,9,7,0.563,318,317,1,0.1,2005,
2,Buffalo Bills,5,11,0.313,271,367,-96,-6.0,2005,
3,New York Jets,4,12,0.25,240,355,-115,-7.2,2005,
4,Cincinnati Bengals*,11,5,0.688,421,350,71,4.4,2005,
5,Pittsburgh Steelers+,11,5,0.688,389,258,131,8.2,2005,
6,Baltimore Ravens,6,10,0.375,265,299,-34,-2.1,2005,
7,Cleveland Browns,6,10,0.375,232,301,-69,-4.3,2005,
8,Indianapolis Colts*,14,2,0.875,439,247,192,12.0,2005,
9,Jacksonville Jaguars+,12,4,0.75,361,269,92,5.8,2005,
10,Tennessee Titans,4,12,0.25,299,421,-122,-7.6,2005,
11,Houston Texans,2,14,0.125,260,431,-171,-10.7,2005,
12,Denver Broncos*,13,3,0.813,395,258,137,8.6,2005,
13,Kansas City Chiefs,10,6,0.625,403,325,78,4.9,2005,
14,San Diego Chargers,9,7,0.563,418,312,106,6.6,2005,
15,Oakland Raiders,4,12,0.25,290,383,-93,-5.8,2005,
0,New York Giants*,11,5,0.688,422,314,108,6.8,2005,
1,Washington Redskins+,10,6,0.625,359,293,66,4.1,2005,
2,Dallas Cowboys,9,7,0.563,325,308,17,1.1,2005,
3,Philadelphia Eagles,6,10,0.375,310,388,-78,-4.9,2005,
4,Chicago Bears*,11,5,0.688,260,202,58,3.6,2005,
5,Minnesota Vikings,9,7,0.563,306,344,-38,-2.4,2005,
6,Detroit Lions,5,11,0.313,254,345,-91,-5.7,2005,
7,Green Bay Packers,4,12,0.25,298,344,-46,-2.9,2005,
8,Tampa Bay Buccaneers*,11,5,0.688,300,274,26,1.6,2005,
9,Carolina Panthers+,11,5,0.688,391,259,132,8.3,2005,
10,Atlanta Falcons,8,8,0.5,351,341,10,0.6,2005,
11,New Orleans Saints,3,13,0.188,235,398,-163,-10.2,2005,
12,Seattle Seahawks*,13,3,0.813,452,271,181,11.3,2005,
13,St. Louis Rams,6,10,0.375,363,429,-66,-4.1,2005,
14,Arizona Cardinals,5,11,0.313,311,387,-76,-4.8,2005,
15,San Francisco 49ers,4,12,0.25,239,428,-189,-11.8,2005,
0,New England Patriots*,12,4,0.75,385,237,148,9.3,2006,
1,New York Jets+,10,6,0.625,316,295,21,1.3,2006,
2,Buffalo Bills,7,9,0.438,300,311,-11,-0.7,2006,
3,Miami Dolphins,6,10,0.375,260,283,-23,-1.4,2006,
4,Baltimore Ravens*,13,3,0.813,353,201,152,9.5,2006,
5,Cincinnati Bengals,8,8,0.5,373,331,42,2.6,2006,
6,Pittsburgh Steelers,8,8,0.5,353,315,38,2.4,2006,
7,Cleveland Browns,4,12,0.25,238,356,-118,-7.4,2006,
8,Indianapolis Colts*,12,4,0.75,427,360,67,4.2,2006,
9,Tennessee Titans,8,8,0.5,324,400,-76,-4.8,2006,
10,Jacksonville Jaguars,8,8,0.5,371,274,97,6.1,2006,
11,Houston Texans,6,10,0.375,267,366,-99,-6.2,2006,
12,San Diego Chargers*,14,2,0.875,492,303,189,11.8,2006,
13,Kansas City Chiefs+,9,7,0.563,331,315,16,1.0,2006,
14,Denver Broncos,9,7,0.563,319,305,14,0.9,2006,
15,Oakland Raiders,2,14,0.125,168,332,-164,-10.3,2006,
0,Philadelphia Eagles*,10,6,0.625,398,328,70,4.4,2006,
1,Dallas Cowboys+,9,7,0.563,425,350,75,4.7,2006,
2,New York Giants+,8,8,0.5,355,362,-7,-0.4,2006,
3,Washington Redskins,5,11,0.313,307,376,-69,-4.3,2006,
4,Chicago Bears*,13,3,0.813,427,255,172,10.8,2006,
5,Green Bay Packers,8,8,0.5,301,366,-65,-4.1,2006,
6,Minnesota Vikings,6,10,0.375,282,327,-45,-2.8,2006,
7,Detroit Lions,3,13,0.188,305,398,-93,-5.8,2006,
8,New Orleans Saints*,10,6,0.625,413,322,91,5.7,2006,
9,Carolina Panthers,8,8,0.5,270,305,-35,-2.2,2006,
10,Atlanta Falcons,7,9,0.438,292,328,-36,-2.3,2006,
11,Tampa Bay Buccaneers,4,12,0.25,211,353,-142,-8.9,2006,
12,Seattle Seahawks*,9,7,0.563,335,341,-6,-0.4,2006,
13,St. Louis Rams,8,8,0.5,367,381,-14,-0.9,2006,
14,San Francisco 49ers,7,9,0.438,298,412,-114,-7.1,2006,
15,Arizona Cardinals,5,11,0.313,314,389,-75,-4.7,2006,
0,New England Patriots*,16,0,1.0,589,274,315,19.7,2007,
1,Buffalo Bills,7,9,0.438,252,354,-102,-6.4,2007,
2,New York Jets,4,12,0.25,268,355,-87,-5.4,2007,
3,Miami Dolphins,1,15,0.063,267,437,-170,-10.6,2007,
4,Pittsburgh Steelers*,10,6,0.625,393,269,124,7.8,2007,
5,Cleveland Browns,10,6,0.625,402,382,20,1.3,2007,
6,Cincinnati Bengals,7,9,0.438,380,385,-5,-0.3,2007,
7,Baltimore Ravens,5,11,0.313,275,384,-109,-6.8,2007,
8,Indianapolis Colts*,13,3,0.813,450,262,188,11.8,2007,
9,Jacksonville Jaguars+,11,5,0.688,411,304,107,6.7,2007,
10,Tennessee Titans+,10,6,0.625,301,297,4,0.3,2007,
11,Houston Texans,8,8,0.5,379,384,-5,-0.3,2007,
12,San Diego Chargers*,11,5,0.688,412,284,128,8.0,2007,
13,Denver Broncos,7,9,0.438,320,409,-89,-5.6,2007,
14,Kansas City Chiefs,4,12,0.25,226,335,-109,-6.8,2007,
15,Oakland Raiders,4,12,0.25,283,398,-115,-7.2,2007,
0,Dallas Cowboys*,13,3,0.813,455,325,130,8.1,2007,
1,New York Giants+,10,6,0.625,373,351,22,1.4,2007,
2,Washington Redskins+,9,7,0.563,334,310,24,1.5,2007,
3,Philadelphia Eagles,8,8,0.5,336,300,36,2.3,2007,
4,Green Bay Packers*,13,3,0.813,435,291,144,9.0,2007,
5,Minnesota Vikings,8,8,0.5,365,311,54,3.4,2007,
6,Detroit Lions,7,9,0.438,346,444,-98,-6.1,2007,
7,Chicago Bears,7,9,0.438,334,348,-14,-0.9,2007,
8,Tampa Bay Buccaneers*,9,7,0.563,334,270,64,4.0,2007,
9,Carolina Panthers,7,9,0.438,267,347,-80,-5.0,2007,
10,New Orleans Saints,7,9,0.438,379,388,-9,-0.6,2007,
11,Atlanta Falcons,4,12,0.25,259,414,-155,-9.7,2007,
12,Seattle Seahawks*,10,6,0.625,393,291,102,6.4,2007,
13,Arizona Cardinals,8,8,0.5,404,399,5,0.3,2007,
14,San Francisco 49ers,5,11,0.313,219,364,-145,-9.1,2007,
15,St. Louis Rams,3,13,0.188,263,438,-175,-10.9,2007,
0,Miami Dolphins*,11,5,0.688,345,317,28,1.8,2008,0.0
1,New England Patriots,11,5,0.688,410,309,101,6.3,2008,0.0
2,New York Jets,9,7,0.563,405,356,49,3.1,2008,0.0
3,Buffalo Bills,7,9,0.438,336,342,-6,-0.4,2008,0.0
4,Pittsburgh Steelers*,12,4,0.75,347,223,124,7.8,2008,0.0
5,Baltimore Ravens+,11,5,0.688,385,244,141,8.8,2008,0.0
6,Cincinnati Bengals,4,11,0.281,204,364,-160,-10.0,2008,1.0
7,Cleveland Browns,4,12,0.25,232,350,-118,-7.4,2008,0.0
8,Tennessee Titans*,13,3,0.813,375,234,141,8.8,2008,0.0
9,Indianapolis Colts+,12,4,0.75,377,298,79,4.9,2008,0.0
10,Houston Texans,8,8,0.5,366,394,-28,-1.8,2008,0.0
11,Jacksonville Jaguars,5,11,0.313,302,367,-65,-4.1,2008,0.0
12,San Diego Chargers*,8,8,0.5,439,347,92,5.8,2008,0.0
13,Denver Broncos,8,8,0.5,370,448,-78,-4.9,2008,0.0
14,Oakland Raiders,5,11,0.313,263,388,-125,-7.8,2008,0.0
15,Kansas City Chiefs,2,14,0.125,291,440,-149,-9.3,2008,0.0
0,New York Giants*,12,4,0.75,427,294,133,8.3,2008,0.0
1,Philadelphia Eagles+,9,6,0.594,416,289,127,7.9,2008,1.0
2,Dallas Cowboys,9,7,0.563,362,365,-3,-0.2,2008,0.0
3,Washington Redskins,8,8,0.5,265,296,-31,-1.9,2008,0.0
4,Minnesota Vikings*,10,6,0.625,379,333,46,2.9,2008,0.0
5,Chicago Bears,9,7,0.563,375,350,25,1.6,2008,0.0
6,Green Bay Packers,6,10,0.375,419,380,39,2.4,2008,0.0
7,Detroit Lions,0,16,0.0,268,517,-249,-15.6,2008,0.0
8,Carolina Panthers*,12,4,0.75,414,329,85,5.3,2008,0.0
9,Atlanta Falcons+,11,5,0.688,391,325,66,4.1,2008,0.0
10,Tampa Bay Buccaneers,9,7,0.563,361,323,38,2.4,2008,0.0
11,New Orleans Saints,8,8,0.5,463,393,70,4.4,2008,0.0
12,Arizona Cardinals*,9,7,0.563,427,426,1,0.1,2008,0.0
13,San Francisco 49ers,7,9,0.438,339,381,-42,-2.6,2008,0.0
14,Seattle Seahawks,4,12,0.25,294,392,-98,-6.1,2008,0.0
15,St. Louis Rams,2,14,0.125,232,465,-233,-14.6,2008,0.0
0,New England Patriots*,10,6,0.625,427,285,142,8.9,2009,
1,New York Jets+,9,7,0.563,348,236,112,7.0,2009,
2,Miami Dolphins,7,9,0.438,360,390,-30,-1.9,2009,
3,Buffalo Bills,6,10,0.375,258,326,-68,-4.3,2009,
4,Cincinnati Bengals*,10,6,0.625,305,291,14,0.9,2009,
5,Baltimore Ravens+,9,7,0.563,391,261,130,8.1,2009,
6,Pittsburgh Steelers,9,7,0.563,368,324,44,2.8,2009,
7,Cleveland Browns,5,11,0.313,245,375,-130,-8.1,2009,
8,Indianapolis Colts*,14,2,0.875,416,307,109,6.8,2009,
9,Houston Texans,9,7,0.563,388,333,55,3.4,2009,
10,Tennessee Titans,8,8,0.5,354,402,-48,-3.0,2009,
11,Jacksonville Jaguars,7,9,0.438,290,380,-90,-5.6,2009,
12,San Diego Chargers*,13,3,0.813,454,320,134,8.4,2009,
13,Denver Broncos,8,8,0.5,326,324,2,0.1,2009,
14,Oakland Raiders,5,11,0.313,197,379,-182,-11.4,2009,
15,Kansas City Chiefs,4,12,0.25,294,424,-130,-8.1,2009,
0,Dallas Cowboys*,11,5,0.688,361,250,111,6.9,2009,
1,Philadelphia Eagles+,11,5,0.688,429,337,92,5.8,2009,
2,New York Giants,8,8,0.5,402,427,-25,-1.6,2009,
3,Washington Redskins,4,12,0.25,266,336,-70,-4.4,2009,
4,Minnesota Vikings*,12,4,0.75,470,312,158,9.9,2009,
5,Green Bay Packers+,11,5,0.688,461,297,164,10.3,2009,
6,Chicago Bears,7,9,0.438,327,375,-48,-3.0,2009,
7,Detroit Lions,2,14,0.125,262,494,-232,-14.5,2009,
8,New Orleans Saints*,13,3,0.813,510,341,169,10.6,2009,
9,Atlanta Falcons,9,7,0.563,363,325,38,2.4,2009,
10,Carolina Panthers,8,8,0.5,315,308,7,0.4,2009,
11,Tampa Bay Buccaneers,3,13,0.188,244,400,-156,-9.8,2009,
12,Arizona Cardinals*,10,6,0.625,375,325,50,3.1,2009,
13,San Francisco 49ers,8,8,0.5,330,281,49,3.1,2009,
14,Seattle Seahawks,5,11,0.313,280,390,-110,-6.9,2009,
15,St. Louis Rams,1,15,0.063,175,436,-261,-16.3,2009,
0,New England Patriots*,14,2,0.875,518,313,205,12.8,2010,
1,New York Jets+,11,5,0.688,367,304,63,3.9,2010,
2,Miami Dolphins,7,9,0.438,273,333,-60,-3.8,2010,
3,Buffalo Bills,4,12,0.25,283,425,-142,-8.9,2010,
4,Pittsburgh Steelers*,12,4,0.75,375,232,143,8.9,2010,
5,Baltimore Ravens+,12,4,0.75,357,270,87,5.4,2010,
6,Cleveland Browns,5,11,0.313,271,332,-61,-3.8,2010,
7,Cincinnati Bengals,4,12,0.25,322,395,-73,-4.6,2010,
8,Indianapolis Colts*,10,6,0.625,435,388,47,2.9,2010,
9,Jacksonville Jaguars,8,8,0.5,353,419,-66,-4.1,2010,
10,Houston Texans,6,10,0.375,390,427,-37,-2.3,2010,
11,Tennessee Titans,6,10,0.375,356,339,17,1.1,2010,
12,Kansas City Chiefs*,10,6,0.625,366,326,40,2.5,2010,
13,San Diego Chargers,9,7,0.563,441,322,119,7.4,2010,
14,Oakland Raiders,8,8,0.5,410,371,39,2.4,2010,
15,Denver Broncos,4,12,0.25,344,471,-127,-7.9,2010,
0,Philadelphia Eagles*,10,6,0.625,439,377,62,3.9,2010,
1,New York Giants,10,6,0.625,394,347,47,2.9,2010,
2,Dallas Cowboys,6,10,0.375,394,436,-42,-2.6,2010,
3,Washington Redskins,6,10,0.375,302,377,-75,-4.7,2010,
4,Chicago Bears*,11,5,0.688,334,286,48,3.0,2010,
5,Green Bay Packers+,10,6,0.625,388,240,148,9.3,2010,
6,Detroit Lions,6,10,0.375,362,369,-7,-0.4,2010,
7,Minnesota Vikings,6,10,0.375,281,348,-67,-4.2,2010,
8,Atlanta Falcons*,13,3,0.813,414,288,126,7.9,2010,
9,New Orleans Saints+,11,5,0.688,384,307,77,4.8,2010,
10,Tampa Bay Buccaneers,10,6,0.625,341,318,23,1.4,2010,
11,Carolina Panthers,2,14,0.125,196,408,-212,-13.3,2010,
12,Seattle Seahawks*,7,9,0.438,310,407,-97,-6.1,2010,
13,St. Louis Rams,7,9,0.438,289,328,-39,-2.4,2010,
14,San Francisco 49ers,6,10,0.375,305,346,-41,-2.6,2010,
15,Arizona Cardinals,5,11,0.313,289,434,-145,-9.1,2010,
0,New England Patriots*,13,3,0.813,513,342,171,10.7,2011,
1,New York Jets,8,8,0.5,377,363,14,0.9,2011,
2,Miami Dolphins,6,10,0.375,329,313,16,1.0,2011,
3,Buffalo Bills,6,10,0.375,372,434,-62,-3.9,2011,
4,Baltimore Ravens*,12,4,0.75,378,266,112,7.0,2011,
5,Pittsburgh Steelers+,12,4,0.75,325,227,98,6.1,2011,
6,Cincinnati Bengals+,9,7,0.563,344,323,21,1.3,2011,
7,Cleveland Browns,4,12,0.25,218,307,-89,-5.6,2011,
8,Houston Texans*,10,6,0.625,381,278,103,6.4,2011,
9,Tennessee Titans,9,7,0.563,325,317,8,0.5,2011,
10,Jacksonville Jaguars,5,11,0.313,243,329,-86,-5.4,2011,
11,Indianapolis Colts,2,14,0.125,243,430,-187,-11.7,2011,
12,Denver Broncos*,8,8,0.5,309,390,-81,-5.1,2011,
13,San Diego Chargers,8,8,0.5,406,377,29,1.8,2011,
14,Oakland Raiders,8,8,0.5,359,433,-74,-4.6,2011,
15,Kansas City Chiefs,7,9,0.438,212,338,-126,-7.9,2011,
0,New York Giants*,9,7,0.563,394,400,-6,-0.4,2011,
1,Philadelphia Eagles,8,8,0.5,396,328,68,4.3,2011,
2,Dallas Cowboys,8,8,0.5,369,347,22,1.4,2011,
3,Washington Redskins,5,11,0.313,288,367,-79,-4.9,2011,
4,Green Bay Packers*,15,1,0.938,560,359,201,12.6,2011,
5,Detroit Lions+,10,6,0.625,474,387,87,5.4,2011,
6,Chicago Bears,8,8,0.5,353,341,12,0.8,2011,
7,Minnesota Vikings,3,13,0.188,340,449,-109,-6.8,2011,
8,New Orleans Saints*,13,3,0.813,547,339,208,13.0,2011,
9,Atlanta Falcons+,10,6,0.625,402,350,52,3.3,2011,
10,Carolina Panthers,6,10,0.375,406,429,-23,-1.4,2011,
11,Tampa Bay Buccaneers,4,12,0.25,287,494,-207,-12.9,2011,
12,San Francisco 49ers*,13,3,0.813,380,229,151,9.4,2011,
13,Arizona Cardinals,8,8,0.5,312,348,-36,-2.3,2011,
14,Seattle Seahawks,7,9,0.438,321,315,6,0.4,2011,
15,St. Louis Rams,2,14,0.125,193,407,-214,-13.4,2011,
0,New England Patriots*,12,4,0.75,557,331,226,14.1,2012,0.0
1,Miami Dolphins,7,9,0.438,288,317,-29,-1.8,2012,0.0
2,New York Jets,6,10,0.375,281,375,-94,-5.9,2012,0.0
3,Buffalo Bills,6,10,0.375,344,435,-91,-5.7,2012,0.0
4,Baltimore Ravens*,10,6,0.625,398,344,54,3.4,2012,0.0
5,Cincinnati Bengals+,10,6,0.625,391,320,71,4.4,2012,0.0
6,Pittsburgh Steelers,8,8,0.5,336,314,22,1.4,2012,0.0
7,Cleveland Browns,5,11,0.313,302,368,-66,-4.1,2012,0.0
8,Houston Texans*,12,4,0.75,416,331,85,5.3,2012,0.0
9,Indianapolis Colts+,11,5,0.688,357,387,-30,-1.9,2012,0.0
10,Tennessee Titans,6,10,0.375,330,471,-141,-8.8,2012,0.0
11,Jacksonville Jaguars,2,14,0.125,255,444,-189,-11.8,2012,0.0
12,Denver Broncos*,13,3,0.813,481,289,192,12.0,2012,0.0
13,San Diego Chargers,7,9,0.438,350,350,0,0.0,2012,0.0
14,Oakland Raiders,4,12,0.25,290,443,-153,-9.6,2012,0.0
15,Kansas City Chiefs,2,14,0.125,211,425,-214,-13.4,2012,0.0
0,Washington Redskins*,10,6,0.625,436,388,48,3.0,2012,0.0
1,New York Giants,9,7,0.563,429,344,85,5.3,2012,0.0
2,Dallas Cowboys,8,8,0.5,376,400,-24,-1.5,2012,0.0
3,Philadelphia Eagles,4,12,0.25,280,444,-164,-10.3,2012,0.0
4,Green Bay Packers*,11,5,0.688,433,336,97,6.1,2012,0.0
5,Minnesota Vikings+,10,6,0.625,379,348,31,1.9,2012,0.0
6,Chicago Bears,10,6,0.625,375,277,98,6.1,2012,0.0
7,Detroit Lions,4,12,0.25,372,437,-65,-4.1,2012,0.0
8,Atlanta Falcons*,13,3,0.813,419,299,120,7.5,2012,0.0
9,Carolina Panthers,7,9,0.438,357,363,-6,-0.4,2012,0.0
10,New Orleans Saints,7,9,0.438,461,454,7,0.4,2012,0.0
11,Tampa Bay Buccaneers,7,9,0.438,389,394,-5,-0.3,2012,0.0
12,San Francisco 49ers*,11,4,0.719,397,273,124,7.8,2012,1.0
13,Seattle Seahawks+,11,5,0.688,412,245,167,10.4,2012,0.0
14,St. Louis Rams,7,8,0.469,299,348,-49,-3.1,2012,1.0
15,Arizona Cardinals,5,11,0.313,250,357,-107,-6.7,2012,0.0
0,New England Patriots*,12,4,0.75,444,338,106,6.6,2013,0.0
1,New York Jets,8,8,0.5,290,387,-97,-6.1,2013,0.0
2,Miami Dolphins,8,8,0.5,317,335,-18,-1.1,2013,0.0
3,Buffalo Bills,6,10,0.375,339,388,-49,-3.1,2013,0.0
4,Cincinnati Bengals*,11,5,0.688,430,305,125,7.8,2013,0.0
5,Pittsburgh Steelers,8,8,0.5,379,370,9,0.6,2013,0.0
6,Baltimore Ravens,8,8,0.5,320,352,-32,-2.0,2013,0.0
7,Cleveland Browns,4,12,0.25,308,406,-98,-6.1,2013,0.0
8,Indianapolis Colts*,11,5,0.688,391,336,55,3.4,2013,0.0
9,Tennessee Titans,7,9,0.438,362,381,-19,-1.2,2013,0.0
10,Jacksonville Jaguars,4,12,0.25,247,449,-202,-12.6,2013,0.0
11,Houston Texans,2,14,0.125,276,428,-152,-9.5,2013,0.0
12,Denver Broncos*,13,3,0.813,606,399,207,12.9,2013,0.0
13,Kansas City Chiefs+,11,5,0.688,430,305,125,7.8,2013,0.0
14,San Diego Chargers+,9,7,0.563,396,348,48,3.0,2013,0.0
15,Oakland Raiders,4,12,0.25,322,453,-131,-8.2,2013,0.0
0,Philadelphia Eagles*,10,6,0.625,442,382,60,3.8,2013,0.0
1,Dallas Cowboys,8,8,0.5,439,432,7,0.4,2013,0.0
2,New York Giants,7,9,0.438,294,383,-89,-5.6,2013,0.0
3,Washington Redskins,3,13,0.188,334,478,-144,-9.0,2013,0.0
4,Green Bay Packers*,8,7,0.531,417,428,-11,-0.7,2013,1.0
5,Chicago Bears,8,8,0.5,445,478,-33,-2.1,2013,0.0
6,Detroit Lions,7,9,0.438,395,376,19,1.2,2013,0.0
7,Minnesota Vikings,5,10,0.344,391,480,-89,-5.6,2013,1.0
8,Carolina Panthers*,12,4,0.75,366,241,125,7.8,2013,0.0
9,New Orleans Saints+,11,5,0.688,414,304,110,6.9,2013,0.0
10,Atlanta Falcons,4,12,0.25,353,443,-90,-5.6,2013,0.0
11,Tampa Bay Buccaneers,4,12,0.25,288,389,-101,-6.3,2013,0.0
12,Seattle Seahawks*,13,3,0.813,417,231,186,11.6,2013,0.0
13,San Francisco 49ers+,12,4,0.75,406,272,134,8.4,2013,0.0
14,Arizona Cardinals,10,6,0.625,379,324,55,3.4,2013,0.0
15,St. Louis Rams,7,9,0.438,348,364,-16,-1.0,2013,0.0
0,New England Patriots*,12,4,0.75,468,313,155,9.7,2014,0.0
1,Buffalo Bills,9,7,0.563,343,289,54,3.4,2014,0.0
2,Miami Dolphins,8,8,0.5,388,373,15,0.9,2014,0.0
3,New York Jets,4,12,0.25,283,401,-118,-7.4,2014,0.0
4,Pittsburgh Steelers*,11,5,0.688,436,368,68,4.3,2014,0.0
5,Cincinnati Bengals+,10,5,0.656,365,344,21,1.3,2014,1.0
6,Baltimore Ravens+,10,6,0.625,409,302,107,6.7,2014,0.0
7,Cleveland Browns,7,9,0.438,299,337,-38,-2.4,2014,0.0
8,Indianapolis Colts*,11,5,0.688,458,369,89,5.6,2014,0.0
9,Houston Texans,9,7,0.563,372,307,65,4.1,2014,0.0
10,Jacksonville Jaguars,3,13,0.188,249,412,-163,-10.2,2014,0.0
11,Tennessee Titans,2,14,0.125,254,438,-184,-11.5,2014,0.0
12,Denver Broncos*,12,4,0.75,482,354,128,8.0,2014,0.0
13,Kansas City Chiefs,9,7,0.563,353,281,72,4.5,2014,0.0
14,San Diego Chargers,9,7,0.563,348,348,0,0.0,2014,0.0
15,Oakland Raiders,3,13,0.188,253,452,-199,-12.4,2014,0.0
0,Dallas Cowboys*,12,4,0.75,467,352,115,7.2,2014,0.0
1,Philadelphia Eagles,10,6,0.625,474,400,74,4.6,2014,0.0
2,New York Giants,6,10,0.375,380,400,-20,-1.3,2014,0.0
3,Washington Redskins,4,12,0.25,301,438,-137,-8.6,2014,0.0
4,Green Bay Packers*,12,4,0.75,486,348,138,8.6,2014,0.0
5,Detroit Lions+,11,5,0.688,321,282,39,2.4,2014,0.0
6,Minnesota Vikings,7,9,0.438,325,343,-18,-1.1,2014,0.0
7,Chicago Bears,5,11,0.313,319,442,-123,-7.7,2014,0.0
8,Carolina Panthers*,7,8,0.469,339,374,-35,-2.2,2014,1.0
9,New Orleans Saints,7,9,0.438,401,424,-23,-1.4,2014,0.0
10,Atlanta Falcons,6,10,0.375,381,417,-36,-2.3,2014,0.0
11,Tampa Bay Buccaneers,2,14,0.125,277,410,-133,-8.3,2014,0.0
12,Seattle Seahawks*,12,4,0.75,394,254,140,8.8,2014,0.0
13,Arizona Cardinals+,11,5,0.688,310,299,11,0.7,2014,0.0
14,San Francisco 49ers,8,8,0.5,306,340,-34,-2.1,2014,0.0
15,St. Louis Rams,6,10,0.375,324,354,-30,-1.9,2014,0.0
0,New England Patriots*,12,4,0.75,465,315,150,9.4,2015,
1,New York Jets,10,6,0.625,387,314,73,4.6,2015,
2,Buffalo Bills,8,8,0.5,379,359,20,1.3,2015,
3,Miami Dolphins,6,10,0.375,310,389,-79,-4.9,2015,
4,Cincinnati Bengals*,12,4,0.75,419,279,140,8.8,2015,
5,Pittsburgh Steelers+,10,6,0.625,423,319,104,6.5,2015,
6,Baltimore Ravens,5,11,0.313,328,401,-73,-4.6,2015,
7,Cleveland Browns,3,13,0.188,278,432,-154,-9.6,2015,
8,Houston Texans*,9,7,0.563,339,313,26,1.6,2015,
9,Indianapolis Colts,8,8,0.5,333,408,-75,-4.7,2015,
10,Jacksonville Jaguars,5,11,0.313,376,448,-72,-4.5,2015,
11,Tennessee Titans,3,13,0.188,299,423,-124,-7.8,2015,
12,Denver Broncos*,12,4,0.75,355,296,59,3.7,2015,
13,Kansas City Chiefs+,11,5,0.688,405,287,118,7.4,2015,
14,Oakland Raiders,7,9,0.438,359,399,-40,-2.5,2015,
15,San Diego Chargers,4,12,0.25,320,398,-78,-4.9,2015,
0,Washington Redskins*,9,7,0.563,388,379,9,0.6,2015,
1,Philadelphia Eagles,7,9,0.438,377,430,-53,-3.3,2015,
2,New York Giants,6,10,0.375,420,442,-22,-1.4,2015,
3,Dallas Cowboys,4,12,0.25,275,374,-99,-6.2,2015,
4,Minnesota Vikings*,11,5,0.688,365,302,63,3.9,2015,
5,Green Bay Packers+,10,6,0.625,368,323,45,2.8,2015,
6,Detroit Lions,7,9,0.438,358,400,-42,-2.6,2015,
7,Chicago Bears,6,10,0.375,335,397,-62,-3.9,2015,
8,Carolina Panthers*,15,1,0.938,500,308,192,12.0,2015,
9,Atlanta Falcons,8,8,0.5,339,345,-6,-0.4,2015,
10,New Orleans Saints,7,9,0.438,408,476,-68,-4.3,2015,
11,Tampa Bay Buccaneers,6,10,0.375,342,417,-75,-4.7,2015,
12,Arizona Cardinals*,13,3,0.813,489,313,176,11.0,2015,
13,Seattle Seahawks+,10,6,0.625,423,277,146,9.1,2015,
14,St. Louis Rams,7,9,0.438,280,330,-50,-3.1,2015,
15,San Francisco 49ers,5,11,0.313,238,387,-149,-9.3,2015,
0,New England Patriots*,14,2,0.875,441,250,191,11.9,2016,0.0
1,Miami Dolphins+,10,6,0.625,363,380,-17,-1.1,2016,0.0
2,Buffalo Bills,7,9,0.438,399,378,21,1.3,2016,0.0
3,New York Jets,5,11,0.313,275,409,-134,-8.4,2016,0.0
4,Pittsburgh Steelers*,11,5,0.688,399,327,72,4.5,2016,0.0
5,Baltimore Ravens,8,8,0.5,343,321,22,1.4,2016,0.0
6,Cincinnati Bengals,6,9,0.406,325,315,10,0.6,2016,1.0
7,Cleveland Browns,1,15,0.063,264,452,-188,-11.8,2016,0.0
8,Houston Texans*,9,7,0.563,279,328,-49,-3.1,2016,0.0
9,Tennessee Titans,9,7,0.563,381,378,3,0.2,2016,0.0
10,Indianapolis Colts,8,8,0.5,411,392,19,1.2,2016,0.0
11,Jacksonville Jaguars,3,13,0.188,318,400,-82,-5.1,2016,0.0
12,Kansas City Chiefs*,12,4,0.75,389,311,78,4.9,2016,0.0
13,Oakland Raiders+,12,4,0.75,416,385,31,1.9,2016,0.0
14,Denver Broncos,9,7,0.563,333,297,36,2.3,2016,0.0
15,San Diego Chargers,5,11,0.313,410,423,-13,-0.8,2016,0.0
0,Dallas Cowboys*,13,3,0.813,421,306,115,7.2,2016,0.0
1,New York Giants+,11,5,0.688,310,284,26,1.6,2016,0.0
2,Washington Redskins,8,7,0.531,396,383,13,0.8,2016,1.0
3,Philadelphia Eagles,7,9,0.438,367,331,36,2.3,2016,0.0
4,Green Bay Packers*,10,6,0.625,432,388,44,2.8,2016,0.0
5,Detroit Lions+,9,7,0.563,346,358,-12,-0.8,2016,0.0
6,Minnesota Vikings,8,8,0.5,327,307,20,1.3,2016,0.0
7,Chicago Bears,3,13,0.188,279,399,-120,-7.5,2016,0.0
8,Atlanta Falcons*,11,5,0.688,540,406,134,8.4,2016,0.0
9,Tampa Bay Buccaneers,9,7,0.563,354,369,-15,-0.9,2016,0.0
10,New Orleans Saints,7,9,0.438,469,454,15,0.9,2016,0.0
11,Carolina Panthers,6,10,0.375,369,402,-33,-2.1,2016,0.0
12,Seattle Seahawks*,10,5,0.656,354,292,62,3.9,2016,1.0
13,Arizona Cardinals,7,8,0.469,418,362,56,3.5,2016,1.0
14,Los Angeles Rams,4,12,0.25,224,394,-170,-10.6,2016,0.0
15,San Francisco 49ers,2,14,0.125,309,480,-171,-10.7,2016,0.0
0,New England Patriots*,13,3,0.813,458,296,162,10.1,2017,
1,Buffalo Bills+,9,7,0.563,302,359,-57,-3.6,2017,
2,Miami Dolphins,6,10,0.375,281,393,-112,-7.0,2017,
3,New York Jets,5,11,0.313,298,382,-84,-5.3,2017,
4,Pittsburgh Steelers*,13,3,0.813,406,308,98,6.1,2017,
5,Baltimore Ravens,9,7,0.563,395,303,92,5.8,2017,
6,Cincinnati Bengals,7,9,0.438,290,349,-59,-3.7,2017,
7,Cleveland Browns,0,16,0.0,234,410,-176,-11.0,2017,
8,Jacksonville Jaguars*,10,6,0.625,417,268,149,9.3,2017,
9,Tennessee Titans+,9,7,0.563,334,356,-22,-1.4,2017,
10,Indianapolis Colts,4,12,0.25,263,404,-141,-8.8,2017,
11,Houston Texans,4,12,0.25,338,436,-98,-6.1,2017,
12,Kansas City Chiefs*,10,6,0.625,415,339,76,4.8,2017,
13,Los Angeles Chargers,9,7,0.563,355,272,83,5.2,2017,
14,Oakland Raiders,6,10,0.375,301,373,-72,-4.5,2017,
15,Denver Broncos,5,11,0.313,289,382,-93,-5.8,2017,
0,Philadelphia Eagles*,13,3,0.813,457,295,162,10.1,2017,
1,Dallas Cowboys,9,7,0.563,354,332,22,1.4,2017,
2,Washington Redskins,7,9,0.438,342,388,-46,-2.9,2017,
3,New York Giants,3,13,0.188,246,388,-142,-8.9,2017,
4,Minnesota Vikings*,13,3,0.813,382,252,130,8.1,2017,
5,Detroit Lions,9,7,0.563,410,376,34,2.1,2017,
6,Green Bay Packers,7,9,0.438,320,384,-64,-4.0,2017,
7,Chicago Bears,5,11,0.313,264,320,-56,-3.5,2017,
8,New Orleans Saints*,11,5,0.688,448,326,122,7.6,2017,
9,Carolina Panthers+,11,5,0.688,363,327,36,2.3,2017,
10,Atlanta Falcons+,10,6,0.625,353,315,38,2.4,2017,
11,Tampa Bay Buccaneers,5,11,0.313,335,382,-47,-2.9,2017,
12,Los Angeles Rams*,11,5,0.688,478,329,149,9.3,2017,
13,Seattle Seahawks,9,7,0.563,366,332,34,2.1,2017,
14,Arizona Cardinals,8,8,0.5,295,361,-66,-4.1,2017,
15,San Francisco 49ers,6,10,0.375,331,383,-52,-3.3,2017,
0,New England Patriots*,11,5,0.688,436,325,111,6.9,2018,0.0
1,Miami Dolphins,7,9,0.438,319,433,-114,-7.1,2018,0.0
2,Buffalo Bills,6,10,0.375,269,374,-105,-6.6,2018,0.0
3,New York Jets,4,12,0.25,333,441,-108,-6.8,2018,0.0
4,Baltimore Ravens*,10,6,0.625,389,287,102,6.4,2018,0.0
5,Pittsburgh Steelers,9,6,0.594,428,360,68,4.3,2018,1.0
6,Cleveland Browns,7,8,0.469,359,392,-33,-2.1,2018,1.0
7,Cincinnati Bengals,6,10,0.375,368,455,-87,-5.4,2018,0.0
8,Houston Texans*,11,5,0.688,402,316,86,5.4,2018,0.0
9,Indianapolis Colts+,10,6,0.625,433,344,89,5.6,2018,0.0
10,Tennessee Titans,9,7,0.563,310,303,7,0.4,2018,0.0
11,Jacksonville Jaguars,5,11,0.313,245,316,-71,-4.4,2018,0.0
12,Kansas City Chiefs*,12,4,0.75,565,421,144,9.0,2018,0.0
13,Los Angeles Chargers+,12,4,0.75,428,329,99,6.2,2018,0.0
14,Denver Broncos,6,10,0.375,329,349,-20,-1.3,2018,0.0
15,Oakland Raiders,4,12,0.25,290,467,-177,-11.1,2018,0.0
0,Dallas Cowboys*,10,6,0.625,339,324,15,0.9,2018,0.0
1,Philadelphia Eagles+,9,7,0.563,367,348,19,1.2,2018,0.0
2,Washington Redskins,7,9,0.438,281,359,-78,-4.9,2018,0.0
3,New York Giants,5,11,0.313,369,412,-43,-2.7,2018,0.0
4,Chicago Bears*,12,4,0.75,421,283,138,8.6,2018,0.0
5,Minnesota Vikings,8,7,0.531,360,341,19,1.2,2018,1.0
6,Green Bay Packers,6,9,0.406,376,400,-24,-1.5,2018,1.0
7,Detroit Lions,6,10,0.375,324,360,-36,-2.3,2018,0.0
8,New Orleans Saints*,13,3,0.813,504,353,151,9.4,2018,0.0
9,Atlanta Falcons,7,9,0.438,414,423,-9,-0.6,2018,0.0
10,Carolina Panthers,7,9,0.438,376,382,-6,-0.4,2018,0.0
11,Tampa Bay Buccaneers,5,11,0.313,396,464,-68,-4.3,2018,0.0
12,Los Angeles Rams*,13,3,0.813,527,384,143,8.9,2018,0.0
13,Seattle Seahawks+,10,6,0.625,428,347,81,5.1,2018,0.0
14,San Francisco 49ers,4,12,0.25,342,435,-93,-5.8,2018,0.0
15,Arizona Cardinals,3,13,0.188,225,425,-200,-12.5,2018,0.0
0,New England Patriots*,12,4,0.75,420,225,195,12.2,2019,0.0
1,Buffalo Bills+,10,6,0.625,314,259,55,3.4,2019,0.0
2,New York Jets,7,9,0.438,276,359,-83,-5.2,2019,0.0
3,Miami Dolphins,5,11,0.313,306,494,-188,-11.8,2019,0.0
4,Baltimore Ravens*,14,2,0.875,531,282,249,15.6,2019,0.0
5,Pittsburgh Steelers,8,8,0.5,289,303,-14,-0.9,2019,0.0
6,Cleveland Browns,6,10,0.375,335,393,-58,-3.6,2019,0.0
7,Cincinnati Bengals,2,14,0.125,279,420,-141,-8.8,2019,0.0
8,Houston Texans*,10,6,0.625,378,385,-7,-0.4,2019,0.0
9,Tennessee Titans+,9,7,0.563,402,331,71,4.4,2019,0.0
10,Indianapolis Colts,7,9,0.438,361,373,-12,-0.8,2019,0.0
11,Jacksonville Jaguars,6,10,0.375,300,397,-97,-6.1,2019,0.0
12,Kansas City Chiefs*,12,4,0.75,451,308,143,8.9,2019,0.0
13,Denver Broncos,7,9,0.438,282,316,-34,-2.1,2019,0.0
14,Oakland Raiders,7,9,0.438,313,419,-106,-6.6,2019,0.0
15,Los Angeles Chargers,5,11,0.313,337,345,-8,-0.5,2019,0.0
0,Philadelphia Eagles*,9,7,0.563,385,354,31,1.9,2019,0.0
1,Dallas Cowboys,8,8,0.5,434,321,113,7.1,2019,0.0
2,New York Giants,4,12,0.25,341,451,-110,-6.9,2019,0.0
3,Washington Redskins,3,13,0.188,266,435,-169,-10.6,2019,0.0
4,Green Bay Packers*,13,3,0.813,376,313,63,3.9,2019,0.0
5,Minnesota Vikings+,10,6,0.625,407,303,104,6.5,2019,0.0
6,Chicago Bears,8,8,0.5,280,298,-18,-1.1,2019,0.0
7,Detroit Lions,3,12,0.219,341,423,-82,-5.1,2019,1.0
8,New Orleans Saints*,13,3,0.813,458,341,117,7.3,2019,0.0
9,Atlanta Falcons,7,9,0.438,381,399,-18,-1.1,2019,0.0
10,Tampa Bay Buccaneers,7,9,0.438,458,449,9,0.6,2019,0.0
11,Carolina Panthers,5,11,0.313,340,470,-130,-8.1,2019,0.0
12,San Francisco 49ers*,13,3,0.813,479,310,169,10.6,2019,0.0
13,Seattle Seahawks+,11,5,0.688,405,398,7,0.4,2019,0.0
14,Los Angeles Rams,9,7,0.563,394,364,30,1.9,2019,0.0
15,Arizona Cardinals,5,10,0.344,361,442,-81,-5.1,2019,1.0
0,Buffalo Bills*,13,3,0.813,501,375,126,7.9,2020,0.0
1,Miami Dolphins,10,6,0.625,404,338,66,4.1,2020,0.0
2,New England Patriots,7,9,0.438,326,353,-27,-1.7,2020,0.0
3,New York Jets,2,14,0.125,243,457,-214,-13.4,2020,0.0
4,Pittsburgh Steelers*,12,4,0.75,416,312,104,6.5,2020,0.0
5,Baltimore Ravens+,11,5,0.688,468,303,165,10.3,2020,0.0
6,Cleveland Browns+,11,5,0.688,408,419,-11,-0.7,2020,0.0
7,Cincinnati Bengals,4,11,0.281,311,424,-113,-7.1,2020,1.0
8,Tennessee Titans*,11,5,0.688,491,439,52,3.3,2020,0.0
9,Indianapolis Colts+,11,5,0.688,451,362,89,5.6,2020,0.0
10,Houston Texans,4,12,0.25,384,464,-80,-5.0,2020,0.0
11,Jacksonville Jaguars,1,15,0.063,306,492,-186,-11.6,2020,0.0
12,Kansas City Chiefs*,14,2,0.875,473,362,111,6.9,2020,0.0
13,Las Vegas Raiders,8,8,0.5,434,478,-44,-2.8,2020,0.0
14,Los Angeles Chargers,7,9,0.438,384,426,-42,-2.6,2020,0.0
15,Denver Broncos,5,11,0.313,323,446,-123,-7.7,2020,0.0
0,Washington Football Team*,7,9,0.438,335,329,6,0.4,2020,0.0
1,New York Giants,6,10,0.375,280,357,-77,-4.8,2020,0.0
2,Dallas Cowboys,6,10,0.375,395,473,-78,-4.9,2020,0.0
3,Philadelphia Eagles,4,11,0.281,334,418,-84,-5.3,2020,1.0
4,Green Bay Packers*,13,3,0.813,509,369,140,8.8,2020,0.0
5,Chicago Bears+,8,8,0.5,372,370,2,0.1,2020,0.0
6,Minnesota Vikings,7,9,0.438,430,475,-45,-2.8,2020,0.0
7,Detroit Lions,5,11,0.313,377,519,-142,-8.9,2020,0.0
8,New Orleans Saints*,12,4,0.75,482,337,145,9.1,2020,0.0
9,Tampa Bay Buccaneers+,11,5,0.688,492,355,137,8.6,2020,0.0
10,Carolina Panthers,5,11,0.313,350,402,-52,-3.3,2020,0.0
11,Atlanta Falcons,4,12,0.25,396,414,-18,-1.1,2020,0.0
12,Seattle Seahawks*,12,4,0.75,459,371,88,5.5,2020,0.0
13,Los Angeles Rams+,10,6,0.625,372,296,76,4.8,2020,0.0
14,Arizona Cardinals,8,8,0.5,410,367,43,2.7,2020,0.0
15,San Francisco 49ers,6,10,0.375,376,390,-14,-0.9,2020,0.0
0,Buffalo Bills*,11,6,0.647,483,289,194,11.4,2021,0.0
1,New England Patriots+,10,7,0.588,462,303,159,9.4,2021,0.0
2,Miami Dolphins,9,8,0.529,341,373,-32,-1.9,2021,0.0
3,New York Jets,4,13,0.235,310,504,-194,-11.4,2021,0.0
4,Cincinnati Bengals*,10,7,0.588,460,376,84,4.9,2021,0.0
5,Pittsburgh Steelers+,9,7,0.559,343,398,-55,-3.2,2021,1.0
6,Cleveland Browns,8,9,0.471,349,371,-22,-1.3,2021,0.0
7,Baltimore Ravens,8,9,0.471,387,392,-5,-0.3,2021,0.0
8,Tennessee Titans*,12,5,0.706,419,354,65,3.8,2021,0.0
9,Indianapolis Colts,9,8,0.529,451,365,86,5.1,2021,0.0
10,Houston Texans,4,13,0.235,280,452,-172,-10.1,2021,0.0
11,Jacksonville Jaguars,3,14,0.176,253,457,-204,-12.0,2021,0.0
12,Kansas City Chiefs*,12,5,0.706,480,364,116,6.8,2021,0.0
13,Las Vegas Raiders+,10,7,0.588,374,439,-65,-3.8,2021,0.0
14,Los Angeles Chargers,9,8,0.529,474,459,15,0.9,2021,0.0
15,Denver Broncos,7,10,0.412,335,322,13,0.8,2021,0.0
0,Dallas Cowboys*,12,5,0.706,530,358,172,10.1,2021,0.0
1,Philadelphia Eagles+,9,8,0.529,444,385,59,3.5,2021,0.0
2,Washington Football Team,7,10,0.412,335,434,-99,-5.8,2021,0.0
3,New York Giants,4,13,0.235,258,416,-158,-9.3,2021,0.0
4,Green Bay Packers*,13,4,0.765,450,371,79,4.6,2021,0.0
5,Minnesota Vikings,8,9,0.471,425,426,-1,-0.1,2021,0.0
6,Chicago Bears,6,11,0.353,311,407,-96,-5.6,2021,0.0
7,Detroit Lions,3,13,0.206,325,467,-142,-8.4,2021,1.0
8,Tampa Bay Buccaneers*,13,4,0.765,511,353,158,9.3,2021,0.0
9,New Orleans Saints,9,8,0.529,364,335,29,1.7,2021,0.0
10,Atlanta Falcons,7,10,0.412,313,459,-146,-8.6,2021,0.0
11,Carolina Panthers,5,12,0.294,304,404,-100,-5.9,2021,0.0
12,Los Angeles Rams*,12,5,0.706,460,372,88,5.2,2021,0.0
13,Arizona Cardinals+,11,6,0.647,449,366,83,4.9,2021,0.0
14,San Francisco 49ers+,10,7,0.588,427,365,62,3.6,2021,0.0
15,Seattle Seahawks,7,10,0.412,395,366,29,1.7,2021,0.0
